ACCIDENT_DATE,ACCIDENT_TIME,ALCOHOLTIME,ACCIDENT_TYPE,DCA_CODE,HIT_RUN_FLAG,LIGHT_CONDITION,POLICE_ATTEND,ROAD_GEOMETRY,SEVERITY,SPEED_ZONE,LONGITUDE,LATITUDE,LGA_NAME,REGION_NAME,TOTAL_PERSONS,INJ_OR_FATAL,FATALITY,SERIOUSINJURY,OTHERINJURY,NONINJURED,MALES,FEMALES,BICYCLIST,PASSENGER,DRIVER,PEDESTRIAN,PILLION,MOTORIST,UNKNOWN,PED_CYCLIST_5_12,PED_CYCLIST_13_18,OLD_PEDESTRIAN,OLD_DRIVER,YOUNG_DRIVER,ALCOHOL_RELATED,UNLICENCSED,NO_OF_VEHICLES,HEAVYVEHICLE,PASSENGERVEHICLE,MOTORCYCLE,PUBLICVEHICLE,DEG_URBAN_NAME
20/10/2014,10.00.00,No,Collision with vehicle,RIGHT NEAR (INTERSECTIONS ONLY),No,Day,Yes,T intersection,Other injury accident,60 km/hr,144.84822,-37.77311,BRIMBANK,METROPOLITAN NORTH WEST REGION,2,1,0,0,1,1,2,0,0,0,2,0,0,0,0,0,0,0,0,0,No,0,2,0,2,0,0,Metropolitan Excluding CBD
20/10/2014,18.00.00,Yes,Collision with a fixed object,RIGHT OFF CARRIAGEWAY INTO OBJECT/PARKED VEHICLE,No,Dusk/Dawn,Yes,T intersection,Other injury accident,100 km/hr,144.86364,-37.72491,BRIMBANK,METROPOLITAN NORTH WEST REGION,2,1,0,0,1,1,1,0,0,0,2,0,0,0,0,0,0,0,0,1,No,0,2,0,2,0,0,Metropolitan Excluding CBD
20/10/2014,12.45.00,No,Collision with vehicle,RIGHT THROUGH,No,Day,Yes,Cross intersection,Serious injury accident,80 km/hr,144.75478,-37.7814,BRIMBANK,METROPOLITAN NORTH WEST REGION,2,1,0,1,0,1,2,0,0,0,2,0,0,0,0,0,0,0,0,0,No,0,2,1,1,0,0,Metropolitan Excluding CBD
22/10/2014,18.10.00,Yes,Collision with a fixed object,OFF END OF ROAD/T-INTERSECTION.,No,Dusk/Dawn,Yes,T intersection,Serious injury accident,50 km/hr,144.79402,-37.72621,BRIMBANK,METROPOLITAN NORTH WEST REGION,3,3,0,3,0,0,0,3,0,2,1,0,0,0,0,0,0,0,0,0,Yes,0,1,0,1,0,0,Metropolitan Excluding CBD
22/10/2014,17.10.00,No,Collision with vehicle,REAR END(VEHICLES IN SAME LANE),No,Dusk/Dawn,No,T intersection,Other injury accident,60 km/hr,144.85013,-37.81646,BRIMBANK,METROPOLITAN NORTH WEST REGION,2,1,0,0,1,1,2,0,0,0,2,0,0,0,0,0,0,0,0,0,No,0,2,0,2,0,0,Metropolitan Excluding CBD
23/10/2014,18.10.00,Yes,Collision with vehicle,RIGHT FAR (INTERSECTIONS ONLY),No,Dusk/Dawn,Yes,T intersection,Serious injury accident,50 km/hr,144.83494,-37.7815,BRIMBANK,METROPOLITAN NORTH WEST REGION,2,1,0,1,0,1,2,0,0,0,2,0,0,0,0,0,0,0,0,0,No,0,2,0,2,0,0,Metropolitan Excluding CBD
23/10/2014,20.00.00,Yes,Collision with vehicle,RIGHT NEAR (INTERSECTIONS ONLY),Yes,Dark Street lights on,Yes,Cross intersection,Serious injury accident,50 km/hr,144.84073,-37.78955,BRIMBANK,METROPOLITAN NORTH WEST REGION,2,2,0,1,1,0,2,0,1,0,1,0,0,0,0,0,0,0,0,0,No,0,2,0,1,0,0,Metropolitan Excluding CBD
23/10/2014,14.30.00,No,Collision with vehicle,RIGHT REAR.,No,Day,No,T intersection,Other injury accident,60 km/hr,144.84094,-37.81905,BRIMBANK,METROPOLITAN NORTH WEST REGION,2,1,0,0,1,1,1,1,0,0,2,0,0,0,0,0,0,0,0,1,No,0,2,0,2,0,0,Metropolitan Excluding CBD
24/10/2014,13.10.00,No,Struck Pedestrian,PED NEAR SIDE. PED HIT BY VEHICLE FROM THE RIGHT.,Yes,Day,No,Cross intersection,Other injury accident,70 km/hr,144.75538,-37.77699,BRIMBANK,METROPOLITAN NORTH WEST REGION,2,1,0,0,1,1,0,1,0,0,1,1,0,0,0,0,0,0,0,0,No,0,1,0,1,0,0,Metropolitan Excluding CBD
24/10/2014,14.15.00,No,Collision with a fixed object,LEFT OFF CARRIAGEWAY INTO OBJECT/PARKED VEHICLE,No,Day,Yes,T intersection,Serious injury accident,50 km/hr,144.80134,-37.74003,BRIMBANK,METROPOLITAN NORTH WEST REGION,3,3,0,1,2,0,0,3,0,2,1,0,0,0,0,0,0,0,0,1,No,0,1,0,1,0,0,Metropolitan Excluding CBD
25/10/2014,11.00.00,No,No collision and no object struck,OUT OF CONTROL ON CARRIAGEWAY (ON STRAIGHT),No,Day,No,T intersection,Other injury accident,50 km/hr,144.79526,-37.73284,BRIMBANK,METROPOLITAN NORTH WEST REGION,1,1,0,0,1,0,1,0,1,0,0,0,0,0,0,0,0,0,0,0,No,0,1,0,0,0,0,Metropolitan Excluding CBD
26/10/2014,15.30.00,No,Vehicle overturned (no collision),OUT OF CONTROL ON CARRIAGEWAY (ON BEND),No,Day,Yes,Not at intersection,Serious injury accident,70 km/hr,144.78115,-37.71671,BRIMBANK,METROPOLITAN NORTH WEST REGION,2,2,0,1,1,0,0,2,0,0,0,0,1,1,0,0,0,0,0,0,No,0,1,0,0,1,0,Metropolitan Excluding CBD
27/10/2014,11.30.00,No,Collision with vehicle,REAR END(VEHICLES IN SAME LANE),No,Day,Yes,Cross intersection,Other injury accident,60 km/hr,144.88735,-37.70908,BRIMBANK,METROPOLITAN NORTH WEST REGION,2,1,0,0,1,1,0,2,0,0,2,0,0,0,0,0,0,0,0,0,No,0,2,0,2,0,0,Metropolitan Excluding CBD
28/10/2014,15.00.00,No,Collision with vehicle,RIGHT REAR.,No,Day,Yes,T intersection,Other injury accident,60 km/hr,144.78856,-37.74296,BRIMBANK,METROPOLITAN NORTH WEST REGION,3,1,0,0,1,2,1,1,0,1,2,0,0,0,0,0,0,0,1,0,No,0,2,0,2,0,0,Metropolitan Excluding CBD
28/10/2014,22.55.00,Yes,Collision with vehicle,REAR END(VEHICLES IN SAME LANE),Yes,Unk.,Yes,T intersection,Other injury accident,110 km/hr,144.85611,-37.73074,BRIMBANK,METROPOLITAN NORTH WEST REGION,7,2,0,0,2,5,2,2,0,3,1,0,0,0,3,0,0,0,0,1,No,1,3,0,1,0,0,Metropolitan Excluding CBD
30/10/2014,15.15.00,No,Collision with vehicle,LEFT FAR (INTERSECTIONS ONLY),Yes,Day,No,T intersection,Other injury accident,50 km/hr,144.81583,-37.75038,BRIMBANK,METROPOLITAN NORTH WEST REGION,2,1,0,0,1,1,1,1,1,0,1,0,0,0,0,0,0,0,0,0,No,0,2,0,1,0,0,Metropolitan Excluding CBD
30/10/2014,15.00.00,No,Collision with vehicle,RIGHT THROUGH,No,Day,Yes,Not at intersection,Serious injury accident,60 km/hr,144.83315,-37.77889,BRIMBANK,METROPOLITAN NORTH WEST REGION,2,1,0,1,0,1,1,1,0,0,2,0,0,0,0,0,0,0,0,0,No,0,2,0,2,0,0,Metropolitan Excluding CBD
31/10/2014,09.20.00,No,Collision with vehicle,RIGHT NEAR (INTERSECTIONS ONLY),No,Day,Yes,T intersection,Serious injury accident,60 km/hr,144.81241,-37.74573,BRIMBANK,METROPOLITAN NORTH WEST REGION,2,1,0,1,0,1,0,2,0,0,2,0,0,0,0,0,0,0,0,0,No,0,2,0,2,0,0,Metropolitan Excluding CBD
31/10/2014,10.48.00,No,Collision with vehicle,U TURN,No,Day,Yes,Cross intersection,Other injury accident,80 km/hr,144.77483,-37.77032,BRIMBANK,METROPOLITAN NORTH WEST REGION,4,1,0,0,1,3,2,2,0,2,2,0,0,0,0,0,0,0,0,0,No,0,2,0,2,0,0,Metropolitan Excluding CBD
31/10/2014,17.14.00,Yes,Collision with vehicle,LANE SIDE SWIPE (VEHICLES IN PARALLEL LANES),Yes,Dusk/Dawn,Yes,Not at intersection,Serious injury accident,60 km/hr,144.82877,-37.77678,BRIMBANK,METROPOLITAN NORTH WEST REGION,5,2,0,2,0,3,1,3,0,0,5,0,0,0,0,0,0,0,0,1,No,0,5,0,5,0,0,Metropolitan Excluding CBD
2/11/2014,18.15.00,Yes,Collision with a fixed object,LEFT OFF CARRIAGEWAY INTO OBJECT/PARKED VEHICLE,No,Day,Yes,Not at intersection,Serious injury accident,70 km/hr,144.79952,-37.7281,BRIMBANK,METROPOLITAN NORTH WEST REGION,2,2,0,1,1,0,1,1,0,1,1,0,0,0,0,0,0,0,0,1,No,0,1,0,1,0,0,Metropolitan Excluding CBD
3/11/2014,15.30.00,No,Collision with vehicle,ACCIDENT OR BROKEN DOWN,No,Day,Yes,Not at intersection,Serious injury accident,100 km/hr,144.8589,-37.72826,BRIMBANK,METROPOLITAN NORTH WEST REGION,3,3,0,3,0,0,2,1,0,2,1,0,0,0,0,0,0,0,0,0,No,0,2,0,2,0,0,Metropolitan Excluding CBD
3/11/2014,19.01.00,Yes,Collision with vehicle,VEHICLE STRIKES ANOTHER VEH WHILE EMERGING FROM DRIVEWAY,No,Dusk/Dawn,Yes,Not at intersection,Serious injury accident,60 km/hr,144.8002,-37.74457,BRIMBANK,METROPOLITAN NORTH WEST REGION,2,1,0,1,0,1,1,1,0,0,2,0,0,0,0,0,0,0,0,1,No,0,2,0,2,0,0,Metropolitan Excluding CBD
3/11/2014,18.01.00,Yes,Collision with vehicle,U TURN,No,Day,Yes,T intersection,Serious injury accident,60 km/hr,144.75664,-37.7051,BRIMBANK,METROPOLITAN NORTH WEST REGION,3,2,0,2,0,1,0,3,0,1,2,0,0,0,0,0,0,0,0,0,No,0,2,0,2,0,0,Metropolitan Excluding CBD
4/11/2014,00.16.00,Yes,Struck Pedestrian,FAR SIDE. PED HIT BY VEHICLE FROM THE LEFT,No,Dark Street lights on,Yes,Not at intersection,Serious injury accident,70 km/hr,144.77527,-37.76726,BRIMBANK,METROPOLITAN NORTH WEST REGION,3,1,0,1,0,2,2,1,0,1,1,1,0,0,0,0,0,0,0,0,No,0,1,0,1,0,0,Metropolitan Excluding CBD
4/11/2014,14.00.00,No,Struck Pedestrian,PED ON FOOTHPATH STRUCK BY VEHENTERING/LEAVING DRIVEWAY.,No,Day,Yes,Not at intersection,Other injury accident,Not known,144.82758,-37.78805,BRIMBANK,METROPOLITAN NORTH WEST REGION,2,1,0,0,1,1,2,0,0,0,1,1,0,0,0,0,0,1,0,0,No,0,1,0,1,0,0,Metropolitan Excluding CBD
5/11/2014,22.25.00,Yes,Collision with a fixed object,RIGHT OFF CARRIAGEWAY INTO OBJECT/PARKED VEHICLE,No,Dark Street lights on,Yes,Not at intersection,Serious injury accident,60 km/hr,144.80427,-37.78298,BRIMBANK,METROPOLITAN NORTH WEST REGION,2,2,0,2,0,0,1,1,0,1,1,0,0,0,0,0,0,0,0,0,Yes,0,1,0,1,0,0,Metropolitan Excluding CBD
6/11/2014,10.15.00,No,Struck Pedestrian,PED ON FOOTHPATH STRUCK BY VEHENTERING/LEAVING DRIVEWAY.,Yes,Day,No,Not at intersection,Other injury accident,Not known,144.84078,-37.77836,BRIMBANK,METROPOLITAN NORTH WEST REGION,2,1,0,0,1,1,0,1,0,0,0,1,0,0,1,0,0,0,0,0,No,0,1,0,0,0,0,Metropolitan Excluding CBD
7/11/2014,08.30.00,No,Collision with vehicle,REAR END(VEHICLES IN SAME LANE),No,Day,Yes,Not at intersection,Serious injury accident,70 km/hr,144.83744,-37.77799,BRIMBANK,METROPOLITAN NORTH WEST REGION,3,3,0,1,2,0,2,1,0,1,2,0,0,0,0,0,0,0,0,0,No,0,2,0,1,0,1,Metropolitan Excluding CBD
7/11/2014,19.30.00,Yes,Collision with vehicle,REAR END(VEHICLES IN SAME LANE),No,Dusk/Dawn,No,T intersection,Other injury accident,50 km/hr,144.83119,-37.76255,BRIMBANK,METROPOLITAN NORTH WEST REGION,2,1,0,0,1,1,2,0,0,0,2,0,0,0,0,0,0,0,0,0,No,0,2,0,2,0,0,Metropolitan Excluding CBD
8/11/2014,02.00.00,Yes,Struck Pedestrian,PED WALKING WITH TRAFFIC,Yes,Dark Street lights on,Yes,Not at intersection,Serious injury accident,50 km/hr,144.80417,-37.74706,BRIMBANK,METROPOLITAN NORTH WEST REGION,2,1,0,1,0,1,1,0,0,0,0,1,0,0,1,0,0,0,0,0,No,0,1,0,0,0,0,Metropolitan Excluding CBD
8/11/2014,09.41.00,No,Collision with vehicle,RIGHT THROUGH,No,Day,Yes,T intersection,Other injury accident,60 km/hr,144.81873,-37.80208,BRIMBANK,METROPOLITAN NORTH WEST REGION,2,1,0,0,1,1,2,0,0,0,1,0,0,1,0,0,0,0,0,0,No,0,2,0,1,1,0,Metropolitan Excluding CBD
8/11/2014,10.30.00,No,Collision with vehicle,REAR END(VEHICLES IN SAME LANE),No,Day,No,Cross intersection,Other injury accident,50 km/hr,144.84978,-37.72456,BRIMBANK,METROPOLITAN NORTH WEST REGION,2,1,0,0,1,1,0,2,0,0,2,0,0,0,0,0,0,0,0,0,No,0,2,0,2,0,0,Metropolitan Excluding CBD
8/11/2014,22.05.00,Yes,Collision with vehicle,LEFT NEAR (INTERSECTIONS ONLY),No,Dark Street lights on,Yes,Cross intersection,Other injury accident,80 km/hr,144.85073,-37.73247,BRIMBANK,METROPOLITAN NORTH WEST REGION,3,2,0,0,2,1,0,3,0,1,2,0,0,0,0,0,0,0,0,1,No,0,2,0,2,0,0,Metropolitan Excluding CBD
9/11/2014,09.45.00,Yes,Collision with a fixed object,RIGHT OFF CARRIAGEWAY INTO OBJECT/PARKED VEHICLE,No,Day,Yes,Cross intersection,Other injury accident,70 km/hr,144.78098,-37.73429,BRIMBANK,METROPOLITAN NORTH WEST REGION,1,1,0,0,1,0,1,0,0,0,1,0,0,0,0,0,0,0,0,0,No,0,1,0,1,0,0,Metropolitan Excluding CBD
12/11/2014,22.20.00,Yes,Collision with vehicle,REAR END(VEHICLES IN SAME LANE),No,Dark Street lights on,Yes,Cross intersection,Other injury accident,80 km/hr,144.75097,-37.81046,BRIMBANK,METROPOLITAN NORTH WEST REGION,3,1,0,0,1,2,1,2,0,1,2,0,0,0,0,0,0,0,0,0,No,0,2,0,2,0,0,Metropolitan Excluding CBD
13/11/2014,04.00.00,Yes,No collision and no object struck,OTHER ACCIDENTS NOT CLASSIFIABLE ELSEWHERE,No,Dark Street lights on,Yes,Not at intersection,Other injury accident,100 km/hr,144.86658,-37.72269,BRIMBANK,METROPOLITAN NORTH WEST REGION,2,1,0,0,1,1,2,0,0,1,1,0,0,0,0,0,0,0,0,0,No,0,1,1,0,0,0,Metropolitan Excluding CBD
13/11/2014,22.00.00,Yes,Collision with vehicle,RIGHT FAR (INTERSECTIONS ONLY),No,Dark Street lights on,No,T intersection,Other injury accident,80 km/hr,144.79628,-37.70074,BRIMBANK,METROPOLITAN NORTH WEST REGION,2,1,0,0,1,1,2,0,0,0,2,0,0,0,0,0,0,0,0,0,No,0,2,0,2,0,0,Metropolitan Excluding CBD
14/11/2014,09.30.00,No,Collision with vehicle,RIGHT NEAR (INTERSECTIONS ONLY),No,Day,Yes,T intersection,Other injury accident,80 km/hr,144.81081,-37.7749,BRIMBANK,METROPOLITAN NORTH WEST REGION,3,2,0,0,2,1,1,2,0,1,2,0,0,0,0,0,0,0,0,0,No,0,2,0,2,0,0,Metropolitan Excluding CBD
14/11/2014,06.45.00,No,Collision with vehicle,CROSS TRAFFIC(INTERSECTIONS ONLY),No,Dusk/Dawn,Yes,Cross intersection,Other injury accident,50 km/hr,144.83625,-37.75314,BRIMBANK,METROPOLITAN NORTH WEST REGION,2,1,0,0,1,1,0,1,0,0,2,0,0,0,0,0,0,0,0,0,No,0,2,0,2,0,0,Metropolitan Excluding CBD
15/11/2014,21.27.00,Yes,Collision with vehicle,VEHICLE STRIKES ANOTHER VEH WHILE EMERGING FROM DRIVEWAY,No,Dark Street lights on,Yes,Not at intersection,Serious injury accident,70 km/hr,144.7786,-37.74764,BRIMBANK,METROPOLITAN NORTH WEST REGION,2,1,0,1,0,1,2,0,1,0,1,0,0,0,0,0,0,0,1,0,No,0,2,0,1,0,0,Metropolitan Excluding CBD
15/11/2014,14.52.00,No,Collision with vehicle,OUT OF CONTROL (OVERTAKING),No,Day,Yes,Not at intersection,Other injury accident,100 km/hr,144.80742,-37.80465,BRIMBANK,METROPOLITAN NORTH WEST REGION,2,2,0,0,2,0,0,2,0,0,2,0,0,0,0,0,0,0,0,1,No,0,2,0,2,0,0,Metropolitan Excluding CBD
16/11/2014,08.05.00,Yes,Collision with a fixed object,LEFT OFF CARRIAGEWAY INTO OBJECT/PARKED VEHICLE,No,Day,Yes,Not at intersection,Serious injury accident,50 km/hr,144.77229,-37.75952,BRIMBANK,METROPOLITAN NORTH WEST REGION,1,1,0,1,0,0,1,0,0,0,1,0,0,0,0,0,0,0,0,0,No,0,1,0,1,0,0,Metropolitan Excluding CBD
16/11/2014,11.30.00,No,Collision with vehicle,CROSS TRAFFIC(INTERSECTIONS ONLY),No,Day,Yes,Cross intersection,Serious injury accident,70 km/hr,144.7821,-37.72738,BRIMBANK,METROPOLITAN NORTH WEST REGION,3,2,0,1,1,1,2,1,0,1,2,0,0,0,0,0,0,0,1,0,No,1,2,0,2,0,0,Metropolitan Excluding CBD
18/11/2014,12.00.00,No,Collision with vehicle,REAR END(VEHICLES IN SAME LANE),No,Day,No,T intersection,Other injury accident,60 km/hr,144.82837,-37.77911,BRIMBANK,METROPOLITAN NORTH WEST REGION,3,1,0,0,1,2,1,2,0,0,3,0,0,0,0,0,0,0,0,0,No,1,3,0,3,0,0,Metropolitan Excluding CBD
18/11/2014,09.33.00,No,Collision with vehicle,RIGHT REAR.,No,Day,Yes,T intersection,Other injury accident,60 km/hr,144.83042,-37.76799,BRIMBANK,METROPOLITAN NORTH WEST REGION,3,1,0,0,1,2,2,1,0,0,3,0,0,0,0,0,0,0,1,0,No,0,3,0,3,0,0,Metropolitan Excluding CBD
18/11/2014,20.20.00,Yes,Collision with vehicle,HEAD ON (NOT OVERTAKING),No,Dark Street lights on,Yes,Not at intersection,Serious injury accident,70 km/hr,144.84578,-37.7256,BRIMBANK,METROPOLITAN NORTH WEST REGION,3,2,0,1,1,1,2,1,0,1,2,0,0,0,0,0,0,0,0,0,Yes,0,2,0,2,0,0,Metropolitan Excluding CBD
19/11/2014,15.20.00,No,Collision with vehicle,HEAD ON (NOT OVERTAKING),No,Day,Yes,Not at intersection,Serious injury accident,60 km/hr,144.8052,-37.74487,BRIMBANK,METROPOLITAN NORTH WEST REGION,3,2,0,1,1,1,2,1,0,1,2,0,0,0,0,0,0,0,1,0,No,0,2,0,2,0,0,Metropolitan Excluding CBD
20/11/2014,13.18.00,No,Collision with vehicle,RIGHT THROUGH,No,Day,Yes,Not at intersection,Other injury accident,50 km/hr,144.76224,-37.80449,BRIMBANK,METROPOLITAN NORTH WEST REGION,2,1,0,0,1,1,2,0,0,0,2,0,0,0,0,0,0,0,0,1,No,1,2,0,2,0,0,Metropolitan Excluding CBD
20/11/2014,15.55.00,No,Collision with vehicle,LANE CHANGE LEFT (NOT OVERTAKING),No,Day,Yes,Not at intersection,Other injury accident,70 km/hr,144.8016,-37.70326,BRIMBANK,METROPOLITAN NORTH WEST REGION,6,1,0,0,1,5,1,4,0,3,2,0,0,1,0,0,0,0,0,0,No,0,3,0,2,1,0,Metropolitan Excluding CBD
20/11/2014,14.00.00,No,Collision with vehicle,REAR END(VEHICLES IN SAME LANE),No,Unk.,No,T intersection,Other injury accident,Not known,144.83119,-37.76255,BRIMBANK,METROPOLITAN NORTH WEST REGION,3,2,0,0,2,1,1,2,0,1,2,0,0,0,0,0,0,0,0,0,No,0,2,0,2,0,0,Metropolitan Excluding CBD
21/11/2014,17.50.00,No,Collision with vehicle,REAR END(VEHICLES IN SAME LANE),No,Day,Yes,Not at intersection,Other injury accident,80 km/hr,144.79221,-37.69963,BRIMBANK,METROPOLITAN NORTH WEST REGION,4,3,0,0,3,1,3,1,0,1,3,0,0,0,0,0,0,0,0,0,No,0,3,0,3,0,0,Metropolitan Excluding CBD
21/11/2014,15.20.00,No,Collision with vehicle,VEHICLE STRIKES ANOTHER VEH WHILE EMERGING FROM DRIVEWAY,No,Day,No,Y intersection,Other injury accident,70 km/hr,144.8307,-37.77723,BRIMBANK,METROPOLITAN NORTH WEST REGION,2,1,0,0,1,1,2,0,1,0,1,0,0,0,0,0,1,0,0,0,No,0,2,0,1,0,0,Metropolitan Excluding CBD
22/11/2014,11.15.00,No,Collision with vehicle,REAR END(VEHICLES IN SAME LANE),No,Unk.,No,Cross intersection,Other injury accident,Not known,144.84717,-37.77908,BRIMBANK,METROPOLITAN NORTH WEST REGION,2,1,0,0,1,1,2,0,0,0,1,0,0,1,0,0,0,0,0,0,No,0,2,0,1,1,0,Metropolitan Excluding CBD
22/11/2014,16.32.00,Yes,Collision with vehicle,RIGHT NEAR (INTERSECTIONS ONLY),No,Day,Yes,T intersection,Other injury accident,60 km/hr,144.85217,-37.72551,BRIMBANK,METROPOLITAN NORTH WEST REGION,2,1,0,0,1,1,2,0,1,0,1,0,0,0,0,0,0,0,0,1,No,0,2,0,1,0,0,Metropolitan Excluding CBD
23/11/2014,08.40.00,No,Collision with vehicle,RIGHT THROUGH,No,Day,Yes,Cross intersection,Other injury accident,70 km/hr,144.81519,-37.72949,BRIMBANK,METROPOLITAN NORTH WEST REGION,2,1,0,0,1,1,1,1,0,0,2,0,0,0,0,0,0,0,0,0,No,0,2,0,2,0,0,Metropolitan Excluding CBD
23/11/2014,14.00.00,No,Collision with vehicle,REAR END(VEHICLES IN SAME LANE),Yes,Day,No,Not at intersection,Serious injury accident,60 km/hr,144.77836,-37.70616,BRIMBANK,METROPOLITAN NORTH WEST REGION,3,1,0,1,0,2,0,2,0,1,1,0,0,0,1,0,0,0,0,0,No,0,2,0,1,0,0,Metropolitan Excluding CBD
25/11/2014,19.30.00,Yes,Vehicle overturned (no collision),OUT OF CONTROL ON CARRIAGEWAY (ON BEND),No,Dusk/Dawn,No,Multiple intersection,Serious injury accident,70 km/hr,144.83131,-37.71177,BRIMBANK,METROPOLITAN NORTH WEST REGION,1,1,0,1,0,0,1,0,0,0,0,0,0,1,0,0,0,0,0,0,No,0,1,0,0,1,0,Metropolitan Excluding CBD
25/11/2014,07.00.00,No,Collision with vehicle,REAR END(VEHICLES IN SAME LANE),No,Dusk/Dawn,No,Not at intersection,Other injury accident,100 km/hr,144.77348,-37.79852,BRIMBANK,METROPOLITAN NORTH WEST REGION,2,1,0,0,1,1,1,0,0,0,0,0,0,0,2,0,0,0,0,0,No,0,2,0,0,1,0,Metropolitan Excluding CBD
25/11/2014,06.42.00,No,Collision with vehicle,RIGHT REAR.,No,Dusk/Dawn,Yes,T intersection,Other injury accident,60 km/hr,144.83557,-37.79652,BRIMBANK,METROPOLITAN NORTH WEST REGION,2,2,0,0,2,0,1,1,0,0,2,0,0,0,0,0,0,0,0,0,No,0,2,0,2,0,0,Metropolitan Excluding CBD
26/11/2014,13.25.00,No,Collision with vehicle,REAR END(VEHICLES IN SAME LANE),No,Day,Yes,Cross intersection,Other injury accident,70 km/hr,144.78237,-37.81313,BRIMBANK,METROPOLITAN NORTH WEST REGION,3,1,0,0,1,2,2,1,0,0,3,0,0,0,0,0,0,0,0,0,No,0,3,2,1,0,0,Metropolitan Excluding CBD
26/11/2014,14.12.00,No,Collision with vehicle,REAR END(VEHICLES IN SAME LANE),Yes,Day,Yes,T intersection,Serious injury accident,50 km/hr,144.83401,-37.7852,BRIMBANK,METROPOLITAN NORTH WEST REGION,3,2,0,2,0,1,1,1,0,1,1,0,0,0,1,0,0,0,1,0,No,0,2,0,1,0,0,Metropolitan Excluding CBD
26/11/2014,16.40.00,No,Collision with vehicle,REAR END(VEHICLES IN SAME LANE),No,Day,Yes,Not at intersection,Other injury accident,80 km/hr,144.75975,-37.76462,BRIMBANK,METROPOLITAN NORTH WEST REGION,8,2,0,0,2,6,4,4,0,6,2,0,0,0,0,0,0,0,0,0,No,0,2,0,2,0,0,Metropolitan Excluding CBD
27/11/2014,16.35.00,No,Collision with vehicle,REAR END(VEHICLES IN SAME LANE),No,Day,Yes,Not at intersection,Other injury accident,70 km/hr,144.80163,-37.70185,BRIMBANK,METROPOLITAN NORTH WEST REGION,3,1,0,0,1,2,1,2,0,0,3,0,0,0,0,0,0,0,0,1,No,0,3,0,3,0,0,Metropolitan Excluding CBD
28/11/2014,17.55.00,Yes,Collision with vehicle,REAR END(VEHICLES IN SAME LANE),No,Day,No,Not at intersection,Other injury accident,Not known,144.84971,-37.73786,BRIMBANK,METROPOLITAN NORTH WEST REGION,4,1,0,0,1,3,1,1,0,0,4,0,0,0,0,0,0,0,0,0,No,0,4,0,4,0,0,Metropolitan Excluding CBD
29/11/2014,23.30.00,Yes,Collision with vehicle,LANE CHANGE RIGHT (NOT OVERTAKING),No,Dark Street lights on,Yes,T intersection,Serious injury accident,80 km/hr,144.84473,-37.72436,BRIMBANK,METROPOLITAN NORTH WEST REGION,2,2,0,1,1,0,1,1,0,0,1,0,0,1,0,0,0,0,0,1,No,0,2,0,1,1,0,Metropolitan Excluding CBD
30/11/2014,13.30.00,No,Collision with vehicle,REAR END(VEHICLES IN SAME LANE),No,Day,Yes,Not at intersection,Other injury accident,80 km/hr,144.76934,-37.76901,BRIMBANK,METROPOLITAN NORTH WEST REGION,2,1,0,0,1,1,1,1,0,0,2,0,0,0,0,0,0,0,0,1,No,0,2,0,2,0,0,Metropolitan Excluding CBD
1/12/2014,16.49.00,No,Collision with a fixed object,LEFT OFF CARRIAGEWAY INTO OBJECT/PARKED VEHICLE,No,Day,Yes,Not at intersection,Other injury accident,100 km/hr,144.78353,-37.79931,BRIMBANK,METROPOLITAN NORTH WEST REGION,1,1,0,0,1,0,1,0,0,0,1,0,0,0,0,0,0,0,0,0,No,0,1,0,1,0,0,Metropolitan Excluding CBD
1/12/2014,13.00.00,No,Collision with vehicle,REAR END(VEHICLES IN SAME LANE),No,Day,No,Multiple intersection,Other injury accident,Not known,144.86079,-37.70646,BRIMBANK,METROPOLITAN NORTH WEST REGION,2,1,0,0,1,1,0,2,0,0,2,0,0,0,0,0,0,0,0,1,No,1,2,0,2,0,0,Metropolitan Excluding CBD
2/12/2014,12.00.00,No,Collision with vehicle,REAR END(VEHICLES IN SAME LANE),No,Day,No,Multiple intersection,Other injury accident,80 km/hr,144.79413,-37.77044,BRIMBANK,METROPOLITAN NORTH WEST REGION,2,1,0,0,1,1,1,1,0,0,2,0,0,0,0,0,0,0,0,0,No,0,2,0,2,0,0,Metropolitan Excluding CBD
3/12/2014,15.43.00,No,No collision and no object struck,OUT OF CONTROL ON CARRIAGEWAY (ON BEND),No,Day,Yes,Not at intersection,Serious injury accident,100 km/hr,144.85474,-37.73196,BRIMBANK,METROPOLITAN NORTH WEST REGION,2,2,0,1,1,0,2,0,0,1,1,0,0,0,0,0,0,0,0,1,No,0,1,0,0,0,0,Metropolitan Excluding CBD
4/12/2014,11.15.00,No,Collision with vehicle,REAR END(VEHICLES IN SAME LANE),No,Day,Yes,Not at intersection,Other injury accident,60 km/hr,144.84694,-37.77905,BRIMBANK,METROPOLITAN NORTH WEST REGION,4,1,0,0,1,3,2,2,0,1,3,0,0,0,0,0,0,0,0,1,No,0,3,0,3,0,0,Metropolitan Excluding CBD